index,CHROM,POS,REF,ALT
chr1:3000001_ATCG/T,chr1,3000001,ATCG,T
chr2:4000002_G/A,chr2,4000002,G,A
chr2:5000003_T/C,chr2,5000003,T,C
chr3:6000004_C/G,chr3,6000004,C,G
chr4:7000005_A/T,chr4,7000005,A,T
chr5:8000006_G/C,chr5,8000006,G,C
chr6:9000007_T/A,chr6,9000007,T,A
chr7:10000008_C/T,chr7,10000008,C,T
chr8:11000009_A/G,chr8,11000009,A,G
chr9:12000010_G/T,chr9,12000010,G,T
chr10:13000011_T/C,chr10,13000011,T,C
chr11:14000012_A/C,chr11,14000012,A,C
chr12:15000013_G/A,chr12,15000013,G,A
chr13:16000014_C/T,chr13,16000014,C,T
chr14:17000015_T/G,chr14,17000015,T,G
chr15:18000016_A/T,chr15,18000016,A,T
chr16:19000017_G/C,chr16,19000017,G,C
chr17:20000018_C/A,chr17,20000018,C,A
chr18:21000019_T/A,chr18,21000019,T,A
chr19:22000020_G/T,chr19,22000020,G,T
chr20:23000021_A/G,chr20,23000021,A,G
chr21:24000022_C/T,chr21,24000022,C,T
chr22:25000023_T/C,chr22,25000023,T,C
chrX:26000024_G/A,chrX,26000024,G,A
chrY:27000025_A/T,chrY,27000025,A,T
